shimmerLocal_sma;logHNR_sma;pcm_RMSenergy_sma
9.320319e-001;6.994902e+000;8.720861e-003
6.644326e-001;1.561873e+000;8.489008e-003
3.968333e-001;-2.647096e+000;8.118349e-003
1.037624e-001;5.027464e+000;7.688592e-003
7.857043e-002;1.358379e+001;7.333531e-003
4.172856e-002;2.023930e+001;7.025240e-003
2.936563e-002;2.107187e+001;6.696492e-003
1.692184e-002;2.039013e+001;6.406028e-003
4.958457e-002;1.939874e+001;6.215988e-003
5.211808e-002;1.860992e+001;6.131965e-003
6.128072e-002;1.820296e+001;6.001336e-003
5.190890e-002;1.698140e+001;5.854691e-003
5.994244e-002;1.639452e+001;5.776551e-003
6.114822e-002;1.647538e+001;5.587980e-003
3.207656e-002;1.815355e+001;5.361905e-003
9.821171e-002;1.789070e+001;5.050527e-003
1.078108e-001;1.715113e+001;4.679207e-003
1.173142e-001;1.576072e+001;4.103023e-003
3.790329e-002;1.328903e+001;3.628280e-003
4.874424e-002;9.707074e+000;3.552258e-003
8.621974e-002;9.464715e+000;3.607741e-003
1.612732e-001;8.959961e+000;3.332015e-003
3.123504e-001;1.013123e+001;3.414927e-003
5.542800e-001;7.193380e+000;4.099559e-003
7.660554e-001;4.296776e+000;5.346145e-003
6.189960e-001;7.825909e+000;6.114607e-003
3.374612e-001;1.238885e+001;6.221907e-003
7.172418e-002;1.925840e+001;5.911527e-003
6.416602e-002;1.782075e+001;5.412993e-003
6.696992e-002;1.649884e+001;4.947118e-003
5.397604e-002;1.484597e+001;4.371888e-003
8.312143e-002;1.209278e+001;3.459899e-003
1.343442e-001;7.301655e+000;2.450681e-003
1.512829e-001;4.265543e+000;1.704549e-003
1.208582e-001;3.628731e+000;2.209560e-003
1.957546e-001;6.334383e+000;3.633745e-003
4.616858e-001;6.328833e+000;5.322233e-003
7.237576e-001;4.453176e+000;6.543486e-003
6.023890e-001;6.667146e+000;7.168903e-003
3.133757e-001;1.213769e+001;7.580638e-003
2.792135e-002;1.929329e+001;7.874283e-003
2.058618e-002;2.143868e+001;8.092654e-003
3.709955e-002;2.005132e+001;8.207183e-003
5.119447e-002;1.898943e+001;8.086368e-003
5.890274e-002;1.837902e+001;7.910592e-003
4.893576e-002;1.979295e+001;7.823193e-003
2.820334e-002;1.956258e+001;7.885850e-003
3.231113e-002;1.958580e+001;8.008292e-003
5.523335e-002;1.911706e+001;8.110896e-003
6.794473e-002;1.973456e+001;8.112267e-003
5.693672e-002;1.968431e+001;8.021447e-003
3.367969e-002;1.942602e+001;8.058444e-003
3.469360e-002;1.855839e+001;8.039195e-003
3.238129e-002;1.957416e+001;8.232813e-003
2.898143e-002;1.939625e+001;8.445573e-003
2.743175e-002;2.034102e+001;8.755880e-003
3.437806e-002;1.855158e+001;8.962072e-003
4.309179e-002;1.903502e+001;9.010300e-003
3.752346e-002;1.969200e+001;8.819976e-003
7.010224e-002;2.108708e+001;8.823131e-003
6.752393e-002;2.063475e+001;9.019679e-003
6.525591e-002;1.947429e+001;9.485216e-003
2.183320e-002;1.871847e+001;9.575343e-003
9.086716e-003;1.979282e+001;9.565710e-003
8.346903e-003;2.016843e+001;9.415695e-003
1.939083e-002;2.027862e+001;9.354707e-003
3.239133e-002;1.847725e+001;9.006520e-003
3.626560e-002;1.982746e+001;8.642431e-003
4.639028e-002;2.029478e+001;8.236511e-003
5.326014e-002;2.078054e+001;7.819667e-003
7.472482e-002;1.778042e+001;7.144216e-003
6.953400e-002;1.712715e+001;6.228350e-003
8.965445e-002;1.608474e+001;5.259034e-003
1.078506e-001;1.462498e+001;4.380372e-003
1.229487e-001;1.228488e+001;4.472947e-003
1.159904e-001;7.197755e+000;6.750533e-003
1.279783e-001;6.270412e+000;9.523609e-003
1.140070e-001;4.268415e+000;1.112442e-002
1.538188e-001;4.302707e+000;1.094359e-002
1.058350e-001;5.804166e+000;9.272648e-003
9.410284e-002;5.332705e+000;7.582761e-003
6.550173e-002;9.339893e+000;6.006513e-003
5.838255e-002;8.400189e+000;5.572397e-003
7.453587e-002;1.185734e+001;5.649615e-003
3.891661e-002;1.108919e+001;4.949007e-003
6.356661e-002;1.062957e+001;4.320817e-003
6.947470e-002;5.768575e+000;3.806508e-003
9.024134e-002;5.331915e+000;3.797304e-003
9.024134e-002;2.836670e+000;3.437174e-003
1.468575e-001;7.392733e+000;3.010490e-003
1.551274e-001;4.546711e+000;3.418021e-003
1.383507e-001;9.164126e+000;4.270994e-003
6.535532e-002;1.042842e+001;5.147729e-003
4.070609e-002;1.535663e+001;5.258156e-003
3.859635e-002;1.514544e+001;5.299017e-003
3.795794e-002;1.449741e+001;5.396992e-003
3.094573e-002;1.441460e+001;5.597787e-003
2.644066e-002;1.536146e+001;5.797748e-003
1.623723e-002;1.652239e+001;5.857654e-003
1.991688e-002;1.850260e+001;5.841688e-003
2.650132e-002;1.988575e+001;5.773344e-003
3.895257e-002;1.963837e+001;5.697083e-003
4.808405e-002;1.870553e+001;5.592681e-003
5.315478e-002;1.642476e+001;5.622016e-003
5.754278e-002;1.650172e+001;5.710430e-003
6.623933e-002;1.469636e+001;5.762942e-003
5.391425e-002;1.574684e+001;5.642662e-003
6.049271e-002;1.657862e+001;5.538998e-003
7.049051e-002;1.969626e+001;5.453641e-003
8.793893e-002;2.118181e+001;5.500339e-003
7.141015e-002;2.137007e+001;5.553545e-003
4.296398e-002;2.131942e+001;5.691235e-003
3.095892e-002;2.026683e+001;5.691446e-003
3.690779e-002;1.883457e+001;5.554138e-003
3.968253e-002;1.795720e+001;5.314391e-003
3.747128e-002;1.940671e+001;5.090218e-003
4.168538e-002;2.053077e+001;4.907477e-003
3.405098e-002;2.087455e+001;4.627898e-003
4.269205e-002;1.952315e+001;4.123873e-003
9.090734e-002;1.643192e+001;3.383335e-003
2.010065e-001;1.262285e+001;2.574030e-003
2.139565e-001;9.139903e+000;1.852401e-003
1.766722e-001;5.445074e+000;1.213994e-003
1.754436e-001;7.028459e-001;2.034130e-003
3.787072e-001;-1.904443e+000;3.431976e-003
3.766348e-001;4.661922e+000;4.961881e-003
2.861241e-001;1.233711e+001;5.358097e-003
7.526685e-002;1.876797e+001;5.381448e-003
6.735092e-002;1.744664e+001;5.406625e-003
6.316348e-002;1.775322e+001;5.139308e-003
6.142034e-002;1.685320e+001;4.762060e-003
4.794047e-002;1.669202e+001;4.382191e-003
3.640173e-002;1.468667e+001;4.088468e-003
7.221789e-002;1.238421e+001;3.791044e-003
1.221654e-001;1.184382e+001;3.555544e-003
1.575281e-001;9.524021e+000;3.226076e-003
1.682879e-001;9.113534e+000;2.793628e-003
1.790477e-001;4.481413e+000;2.145832e-003
2.629521e-001;3.167080e+000;1.588733e-003
2.341470e-001;5.192573e+000;2.355617e-003
1.936791e-001;9.907552e+000;3.256951e-003
1.260724e-001;1.302813e+001;4.103635e-003
1.828660e-001;1.016570e+001;3.398768e-003
4.338903e-001;8.023521e+000;3.189745e-003
4.490936e-001;7.409734e+000;3.500834e-003
4.274097e-001;6.605194e+000;4.446466e-003
1.676476e-001;9.574958e+000;4.865726e-003
1.016565e-001;1.270555e+001;4.687625e-003
7.849195e-002;1.535931e+001;4.206800e-003
7.123669e-002;1.417364e+001;3.846521e-003
9.348366e-002;1.078023e+001;3.737618e-003
7.290405e-002;7.003300e+000;3.810392e-003
9.169640e-002;5.828101e+000;4.138395e-003
9.186896e-002;6.841493e+000;4.555436e-003
9.204151e-002;6.841493e+000;5.059732e-003
9.278942e-002;8.302527e+000;5.393412e-003
6.325073e-002;9.293634e+000;5.584199e-003
6.201865e-002;1.319139e+001;5.542487e-003
5.234892e-002;1.390355e+001;5.375061e-003
8.735690e-002;1.280153e+001;5.064883e-003
8.178922e-002;1.268073e+001;4.787736e-003
6.512820e-002;1.090541e+001;4.594849e-003
6.204327e-002;1.186969e+001;4.581378e-003
5.008459e-002;1.319476e+001;4.624623e-003
5.703121e-002;1.575986e+001;4.704888e-003
2.438208e-002;1.650519e+001;4.808165e-003
1.287803e-002;1.719443e+001;4.685327e-003
1.838439e-002;1.548583e+001;4.267335e-003
6.757023e-002;1.238784e+001;3.475071e-003
1.167538e-001;8.926094e+000;2.807190e-003
1.107195e-001;6.678826e+000;2.339944e-003
1.147703e-001;7.131032e+000;2.190778e-003
1.188211e-001;8.379182e+000;1.995204e-003
1.613588e-001;8.239212e+000;1.638229e-003
1.978951e-001;8.974621e+000;1.298205e-003
2.478126e-001;6.953259e+000;2.406915e-003
2.977300e-001;8.143165e+000;4.080186e-003
2.276576e-001;9.569409e+000;5.704978e-003
1.455374e-001;1.289381e+001;5.826877e-003
7.042225e-002;1.566265e+001;5.500399e-003
7.032105e-002;1.668363e+001;5.140190e-003
5.397078e-002;1.647611e+001;4.868085e-003
3.061546e-002;1.555529e+001;4.638550e-003
2.123583e-002;1.503951e+001;4.413944e-003
2.677186e-002;1.622404e+001;4.185976e-003
2.594688e-002;1.799100e+001;3.971792e-003
4.129291e-002;1.925235e+001;3.825054e-003
4.472330e-002;2.015450e+001;3.781610e-003
4.639515e-002;1.831022e+001;3.814448e-003
3.114839e-002;1.799286e+001;3.880848e-003
3.597541e-002;1.581777e+001;3.937492e-003
4.398502e-002;1.539684e+001;3.858431e-003
6.904460e-002;1.370220e+001;3.627267e-003
1.080195e-001;1.387312e+001;3.384040e-003
1.205563e-001;1.327071e+001;3.287247e-003
9.488452e-002;1.613409e+001;3.286923e-003
4.713930e-002;1.392427e+001;3.277928e-003
3.883558e-002;1.594123e+001;3.211688e-003
7.210723e-002;1.038084e+001;3.193472e-003
1.023572e-001;1.290437e+001;3.184618e-003
1.243570e-001;1.052469e+001;3.216559e-003
1.001964e-001;1.274364e+001;3.287439e-003
7.905763e-002;1.148159e+001;3.420702e-003
5.918749e-002;1.427644e+001;3.505962e-003
5.678966e-002;1.635180e+001;3.553584e-003
4.063498e-002;1.951569e+001;3.544312e-003
2.983320e-002;1.947808e+001;3.617147e-003
1.658790e-002;1.789794e+001;3.775110e-003
2.232360e-002;1.586367e+001;3.942737e-003
5.308765e-002;1.524623e+001;4.032440e-003
5.118520e-002;1.438108e+001;4.006132e-003
4.587964e-002;1.417834e+001;3.947570e-003
5.458088e-002;1.306216e+001;3.918473e-003
1.018748e-001;1.550750e+001;3.870944e-003
1.119328e-001;1.832845e+001;3.918774e-003
7.744799e-002;1.973166e+001;3.976524e-003
4.341219e-002;1.911239e+001;4.033605e-003
4.479139e-002;1.665721e+001;3.954844e-003
4.524036e-002;1.553771e+001;3.869833e-003
4.813156e-002;1.411628e+001;3.779121e-003
4.648304e-002;1.305127e+001;3.749989e-003
3.559139e-002;1.363569e+001;3.694156e-003
4.096929e-002;1.506299e+001;3.622049e-003
6.736246e-002;1.680988e+001;3.361427e-003
1.130065e-001;1.331368e+001;2.759000e-003
1.673400e-001;9.755734e+000;2.043940e-003
2.174509e-001;6.523468e+000;1.415389e-003
2.935444e-001;2.381560e+000;1.134968e-003
3.804708e-001;-1.367596e+000;1.447580e-003
3.656071e-001;-5.020557e+000;2.277320e-003
3.147534e-001;1.967883e+000;3.462602e-003
2.252166e-001;3.762114e+000;4.209317e-003
1.613384e-001;1.113191e+001;4.471248e-003
8.866864e-002;1.308977e+001;4.276321e-003
2.681085e-002;1.814702e+001;4.044037e-003
5.082156e-002;1.624898e+001;3.875189e-003
1.291907e-001;1.309246e+001;3.835596e-003
1.941258e-001;1.119857e+001;3.825962e-003
2.370706e-001;1.148985e+001;3.748727e-003
1.606511e-001;1.167943e+001;3.568114e-003
8.685376e-002;1.441758e+001;3.418893e-003
7.777504e-002;1.496089e+001;3.386602e-003
9.540927e-002;1.527701e+001;3.432466e-003
1.638446e-001;1.315891e+001;3.461960e-003
1.104769e-001;1.147042e+001;3.284526e-003
1.438306e-001;1.001921e+001;3.068458e-003
1.304608e-001;1.234825e+001;2.831498e-003
1.741755e-001;1.069110e+001;2.734642e-003
1.782531e-001;8.646385e+000;2.624317e-003
1.782531e-001;2.533935e+000;2.369244e-003
1.782531e-001;6.765561e-001;2.088008e-003
1.747795e-001;4.007853e+000;2.436084e-003
1.713058e-001;4.007853e+000;3.422400e-003
1.528269e-001;9.129582e+000;4.754119e-003
1.378216e-001;5.121729e+000;5.679047e-003
1.023757e-001;1.063335e+001;6.182140e-003
7.553282e-002;1.152657e+001;6.402263e-003
6.221507e-002;1.700553e+001;6.484312e-003
5.021723e-002;1.706383e+001;6.487189e-003
4.637058e-002;1.607760e+001;6.361673e-003
3.759772e-002;1.665102e+001;6.105735e-003
3.997965e-002;1.669652e+001;5.832590e-003
3.613690e-002;1.835358e+001;5.601918e-003
2.892957e-002;1.763660e+001;5.349263e-003
4.593904e-002;1.739633e+001;5.198711e-003
4.813144e-002;1.598486e+001;5.180814e-003
4.371357e-002;1.466315e+001;5.309048e-003
2.295743e-002;1.399781e+001;5.292923e-003
2.149411e-002;1.265836e+001;5.385123e-003
2.981178e-002;1.289679e+001;5.466609e-003
5.121241e-002;1.348507e+001;5.612617e-003
4.568148e-002;1.687818e+001;5.446800e-003
3.710603e-002;1.962077e+001;5.309613e-003
2.371507e-002;1.838497e+001;5.160995e-003
3.725569e-002;1.647509e+001;5.122859e-003
3.889265e-002;1.491454e+001;4.986878e-003
2.592606e-002;1.660933e+001;4.633343e-003
2.226865e-002;1.460190e+001;4.180817e-003
2.515436e-002;9.167751e+000;3.500083e-003
3.446355e-002;3.410671e+000;2.976517e-003
1.073295e-001;-2.850172e-001;2.472772e-003
2.227406e-001;1.546133e+000;2.440350e-003
3.381518e-001;2.870346e+000;2.570686e-003
3.133831e-001;5.439255e+000;2.517893e-003
2.933164e-001;4.732173e+000;2.007917e-003
2.223813e-001;7.586594e+000;3.391156e-003
1.716278e-001;7.281956e+000;4.987161e-003
7.632359e-002;1.148975e+001;6.948173e-003
7.474533e-002;1.371080e+001;6.934013e-003
9.400406e-002;1.764432e+001;7.044979e-003
9.526799e-002;1.879849e+001;6.887637e-003
5.162238e-002;1.932467e+001;6.667382e-003
4.322615e-002;1.949068e+001;6.495271e-003
3.747019e-002;1.819768e+001;6.368799e-003
3.865473e-002;1.707319e+001;6.057160e-003
2.983586e-002;1.638131e+001;5.412491e-003
2.732355e-002;1.733688e+001;4.888598e-003
1.992274e-002;1.775709e+001;4.601288e-003
1.855694e-002;1.744929e+001;4.555512e-003
3.098807e-002;1.699145e+001;4.473236e-003
5.077932e-002;1.619320e+001;4.332336e-003
4.682189e-002;1.677966e+001;4.072010e-003
7.329461e-002;1.618209e+001;3.651733e-003
9.240720e-002;1.075874e+001;2.977703e-003
1.302828e-001;5.093183e+000;2.192336e-003
1.302828e-001;0;1.627965e-003
1.586273e-001;-8.123457e-001;1.463429e-003
1.680208e-001;1.633540e+000;1.621042e-003
3.003089e-001;3.247475e+000;1.810572e-003
2.871983e-001;4.951553e+000;1.922069e-003
3.421263e-001;5.490357e+000;2.769419e-003
3.170074e-001;4.103090e+000;3.954113e-003
4.089428e-001;3.211357e+000;5.171471e-003
3.208730e-001;6.458328e+000;5.520331e-003
1.874821e-001;1.441133e+001;5.399123e-003
6.512886e-002;2.047225e+001;5.236659e-003
5.107079e-002;2.023245e+001;5.114959e-003
4.574362e-002;1.870604e+001;5.008821e-003
3.661283e-002;1.887863e+001;4.867379e-003
4.571304e-002;1.892368e+001;4.686747e-003
4.107369e-002;1.737789e+001;4.568534e-003
2.805354e-002;1.693411e+001;4.527343e-003
6.649827e-002;1.639328e+001;4.408183e-003
9.774417e-002;1.563780e+001;4.239986e-003
1.129900e-001;1.508117e+001;4.091799e-003
7.356580e-002;1.487483e+001;3.926988e-003
7.369041e-002;1.430288e+001;3.029481e-003
1.070783e-001;9.379211e+000;2.042503e-003
2.071089e-001;5.270969e+000;1.197096e-003
2.335694e-001;4.860216e+000;1.322312e-003
2.349083e-001;4.729065e+000;1.418468e-003
1.695743e-001;6.649925e+000;1.545117e-003
1.729722e-001;3.166968e+000;1.439583e-003
1.923140e-001;2.964049e+000;1.564479e-003
1.832130e-001;3.394683e+000;1.696029e-003
1.884042e-001;8.025268e+000;2.013469e-003
1.765224e-001;1.182159e+001;2.100426e-003
1.936366e-001;1.181275e+001;2.046678e-003
1.812254e-001;7.776789e+000;1.635230e-003
1.709933e-001;6.327385e+000;1.277677e-003
1.638567e-001;1.181467e+000;1.005312e-003
1.680326e-001;3.423391e+000;9.059037e-004
1.723527e-001;2.656280e-001;8.191271e-004
2.228380e-001;4.756886e+000;7.302488e-004
2.248739e-001;2.407203e+000;6.320619e-004
2.513558e-001;2.776931e+000;6.030501e-004
1.906126e-001;1.351850e+000;7.284822e-004
2.276070e-001;3.042303e+000;1.165282e-003
3.442288e-001;5.631135e+000;1.251447e-003
3.508996e-001;4.894605e+000;1.185811e-003
3.050530e-001;5.005978e+000;1.018743e-003
1.660504e-001;3.217267e+000;1.143890e-003
1.820366e-001;5.616928e+000;1.346158e-003
1.949772e-001;6.232871e+000;2.448781e-003
1.375960e-001;1.103057e+001;3.492809e-003
8.043752e-002;1.498687e+001;4.537954e-003
1.015385e-002;1.970934e+001;4.603569e-003
1.817691e-002;2.062815e+001;4.785330e-003
2.505285e-002;2.087272e+001;5.088322e-003
6.179843e-002;1.947144e+001;5.549390e-003
5.401485e-002;2.053761e+001;6.018663e-003
6.367434e-002;2.011719e+001;6.149713e-003
4.675497e-002;2.026610e+001;6.004867e-003
6.918298e-002;2.024886e+001;5.790323e-003
5.033809e-002;2.137350e+001;5.750150e-003
3.148983e-002;2.249040e+001;5.793214e-003
1.498611e-002;2.305755e+001;5.922810e-003
1.855129e-002;2.287914e+001;5.997945e-003
2.568409e-002;2.262991e+001;5.854645e-003
3.189763e-002;2.207766e+001;5.487988e-003
3.271409e-002;1.968236e+001;4.959105e-003
2.996632e-002;1.848888e+001;4.414425e-003
1.573431e-002;1.658560e+001;3.914813e-003
3.917019e-002;1.652013e+001;3.507241e-003
7.052668e-002;1.528477e+001;3.235261e-003
9.246415e-002;1.376049e+001;3.027426e-003
6.494675e-002;1.352055e+001;2.820394e-003
3.869737e-002;1.298558e+001;2.542789e-003
1.058732e-001;1.121967e+001;2.078184e-003
1.804101e-001;8.155014e+000;2.476434e-003
1.829847e-001;5.765944e+000;3.102394e-003
2.095018e-001;3.234826e+000;4.042184e-003
2.138571e-001;2.925168e+000;4.297081e-003
2.674879e-001;3.843073e+000;4.561132e-003
2.247904e-001;6.591822e+000;4.782785e-003
2.299373e-001;6.794989e+000;4.799721e-003
2.126087e-001;5.636265e+000;4.180871e-003
2.122780e-001;5.084085e+000;3.110455e-003
1.933703e-001;3.502952e+000;2.470517e-003
3.010563e-001;7.084095e-001;2.574774e-003
3.848275e-001;6.320009e-001;3.290138e-003
4.760013e-001;1.914041e+000;3.794226e-003
4.074894e-001;3.685245e+000;4.108612e-003
3.384238e-001;2.174958e+000;4.230950e-003
2.693582e-001;6.490550e+000;4.250197e-003
1.896607e-001;9.379117e+000;4.404500e-003
1.283992e-001;1.538191e+001;4.643322e-003
6.713782e-002;1.332735e+001;4.904381e-003
6.782948e-002;1.608514e+001;4.900468e-003
5.645748e-002;1.811885e+001;4.788766e-003
3.769452e-002;1.873012e+001;4.682373e-003
4.273738e-002;1.849100e+001;4.776418e-003
4.262235e-002;1.610886e+001;4.986139e-003
4.148974e-002;1.653097e+001;5.306468e-003
3.823546e-002;1.622168e+001;5.529801e-003
2.200265e-002;1.560337e+001;5.640459e-003
3.892341e-002;1.823231e+001;5.593691e-003
3.196548e-002;2.016394e+001;5.469081e-003
4.738371e-002;2.281459e+001;5.156128e-003
2.645547e-002;2.079330e+001;4.761044e-003
5.556861e-002;1.812885e+001;4.327940e-003
1.081409e-001;1.397596e+001;4.046181e-003
2.044716e-001;1.006028e+001;3.498132e-003
2.321330e-001;6.913840e+000;3.031620e-003
2.257230e-001;3.862532e+000;2.334011e-003
2.979990e-001;3.909171e+000;2.178186e-003
3.654267e-001;2.665012e+000;2.087085e-003
4.328543e-001;2.182508e+000;2.248743e-003
3.894390e-001;3.007363e+000;1.965391e-003
3.582279e-001;1.650751e+000;2.093892e-003
3.153162e-001;2.877098e+000;2.282838e-003
2.140377e-001;2.423868e+000;2.473553e-003
1.698616e-001;4.221859e+000;2.163767e-003
2.310686e-001;-2.874791e-001;2.714799e-003
2.665400e-001;-2.705431e+000;3.521981e-003
2.761198e-001;2.350167e+000;4.294276e-003
1.400644e-001;1.072776e+001;4.094108e-003
7.889285e-002;1.555578e+001;3.847867e-003
2.966660e-002;1.453990e+001;3.673502e-003
2.678476e-002;1.420557e+001;3.545624e-003
5.526543e-002;1.364977e+001;3.538471e-003
7.465359e-002;1.176705e+001;3.516599e-003
8.722164e-002;1.257055e+001;3.522731e-003
7.359313e-002;1.500814e+001;3.429066e-003
6.443029e-002;1.809097e+001;3.383852e-003
7.373329e-002;1.825490e+001;3.331742e-003
7.493383e-002;1.680599e+001;3.368398e-003
7.427139e-002;1.497911e+001;3.417400e-003
4.972085e-002;1.363446e+001;3.435826e-003
3.405068e-002;1.403325e+001;3.453630e-003
4.243283e-002;1.332551e+001;3.443459e-003
9.751108e-002;1.242816e+001;3.481709e-003
1.056287e-001;1.335925e+001;3.444518e-003
7.932990e-002;1.633996e+001;3.452849e-003
1.862699e-002;2.026157e+001;3.468395e-003
3.931233e-002;2.040161e+001;3.559865e-003
6.490634e-002;1.883007e+001;3.524507e-003
8.660603e-002;1.637270e+001;3.357332e-003
7.715294e-002;1.431574e+001;2.919828e-003
1.011719e-001;1.267496e+001;2.473668e-003
8.669052e-002;1.099771e+001;2.166216e-003
1.053246e-001;8.495229e+000;2.130456e-003
9.635767e-002;9.612229e+000;2.023197e-003
1.564026e-001;1.015620e+001;1.720986e-003
1.275150e-001;9.883653e+000;1.208097e-003
1.994452e-001;4.632349e+000;1.014003e-003
1.550475e-001;6.627535e-001;1.171079e-003
2.036980e-001;2.066945e+000;1.519726e-003
1.424635e-001;6.899720e+000;1.651027e-003
1.874681e-001;5.815756e+000;1.540806e-003
3.014467e-001;3.561102e+000;3.877813e-003
3.573796e-001;-1.637934e+000;6.487939e-003
3.043573e-001;1.380417e+000;9.186495e-003
1.431733e-001;7.058903e+000;9.498301e-003
3.185470e-002;1.455504e+001;9.515554e-003
2.781758e-002;1.896820e+001;9.288017e-003
3.231029e-002;1.884942e+001;8.727030e-003
3.208417e-002;1.852833e+001;8.237734e-003
3.715699e-002;1.894788e+001;7.898184e-003
3.565634e-002;2.064500e+001;7.652506e-003
3.621540e-002;2.145896e+001;7.439091e-003
2.510258e-002;2.064161e+001;7.186858e-003
1.873221e-002;1.866505e+001;6.922756e-003
4.940553e-002;1.738268e+001;6.361924e-003
4.850952e-002;1.884488e+001;5.923398e-003
4.522948e-002;2.063971e+001;5.926654e-003
3.033525e-002;2.209492e+001;6.580058e-003
8.132476e-002;2.008512e+001;7.364074e-003
7.934064e-002;1.959805e+001;7.860299e-003
7.112185e-002;2.010253e+001;7.790853e-003
3.744215e-002;2.071465e+001;7.301602e-003
5.206811e-002;1.832625e+001;6.501557e-003
9.144217e-002;1.548491e+001;5.600542e-003
1.190397e-001;1.513761e+001;4.749102e-003
1.314062e-001;1.604399e+001;4.001379e-003
1.138656e-001;1.640659e+001;3.318430e-003
1.361073e-001;1.242810e+001;2.688123e-003
2.924806e-001;9.868808e+000;2.977413e-003
5.378842e-001;4.260703e+000;3.763529e-003
7.435057e-001;1.566324e+000;4.526194e-003
5.677696e-001;3.484068e+000;4.619982e-003
3.030034e-001;9.585169e+000;4.490271e-003
3.823708e-002;1.589192e+001;4.527852e-003
3.349780e-002;1.613858e+001;4.535156e-003
7.098040e-002;1.565631e+001;4.451069e-003
1.084630e-001;1.199170e+001;4.188394e-003
1.390241e-001;1.055666e+001;3.190239e-003
1.325116e-001;5.472442e+000;1.987609e-003
2.382156e-001;6.979330e+000;1.291112e-003
3.100424e-001;4.648398e+000;1.473215e-003
3.463694e-001;6.206136e+000;2.126172e-003
1.970032e-001;8.982902e+000;2.737120e-003
1.343987e-001;1.368598e+001;3.385019e-003
5.472712e-002;1.794341e+001;4.091493e-003
6.856930e-002;1.773359e+001;4.784618e-003
4.864982e-002;1.657206e+001;5.578161e-003
7.614868e-002;1.611532e+001;6.270405e-003
6.334143e-002;1.688429e+001;6.836609e-003
4.288607e-002;1.954785e+001;6.998610e-003
3.870657e-002;2.130790e+001;6.692362e-003
5.314240e-002;2.167661e+001;5.966345e-003
7.409629e-002;1.921496e+001;5.173931e-003
7.387358e-002;1.799160e+001;4.550751e-003
7.886962e-002;1.551877e+001;4.230729e-003
7.753360e-002;1.536953e+001;3.995078e-003
9.154516e-002;1.399212e+001;3.726952e-003
1.019920e-001;1.436073e+001;3.195395e-003
1.124388e-001;1.125807e+001;2.633875e-003
1.124388e-001;6.725605e+000;2.163897e-003
1.600287e-001;6.358282e+000;1.939026e-003
2.076185e-001;4.223281e+000;1.967952e-003
2.552083e-001;4.223281e+000;2.268534e-003
2.552083e-001;0;2.863303e-003
2.552083e-001;0;3.526121e-003
2.148113e-001;3.991957e+000;4.024373e-003
1.347598e-001;8.731564e+000;4.141329e-003
5.134297e-002;1.512625e+001;4.154242e-003
1.188395e-002;1.770055e+001;4.252747e-003
2.300691e-002;1.965987e+001;4.561682e-003
3.492650e-002;2.129029e+001;4.735384e-003
4.175962e-002;2.190365e+001;4.766499e-003
4.474918e-002;2.291459e+001;4.660471e-003
4.062308e-002;2.116064e+001;4.563412e-003
5.198997e-002;1.899258e+001;4.405943e-003
3.916563e-002;1.829054e+001;4.183433e-003
6.303637e-002;1.748493e+001;3.996141e-003
4.796736e-002;1.834250e+001;3.922573e-003
5.988000e-002;1.817259e+001;3.976326e-003
4.478188e-002;1.889799e+001;4.098905e-003
8.867434e-002;1.977328e+001;4.246515e-003
7.695469e-002;1.982450e+001;4.162010e-003
6.523503e-002;1.882417e+001;3.650256e-003
1.411275e-001;1.467159e+001;2.663057e-003
1.793638e-001;1.141579e+001;1.790242e-003
2.176001e-001;6.225180e+000;1.134176e-003
1.753604e-001;5.053767e+000;9.662394e-004
1.538531e-001;6.685841e+000;3.089248e-003
1.172719e-001;1.252615e+001;5.369043e-003
4.001475e-002;1.687028e+001;7.318843e-003
2.837037e-002;1.894248e+001;6.995244e-003
3.011107e-002;2.102939e+001;6.649071e-003
3.137349e-002;2.309409e+001;6.514381e-003
3.937176e-002;2.266063e+001;6.459258e-003
3.559657e-002;2.337590e+001;6.540012e-003
3.182138e-002;2.261280e+001;6.717183e-003
1.808045e-002;2.148488e+001;6.777423e-003
3.425561e-002;1.848605e+001;6.693410e-003
4.095277e-002;1.809948e+001;6.639183e-003
4.179168e-002;1.858535e+001;6.686925e-003
3.346439e-002;1.984159e+001;6.659469e-003
2.458301e-002;1.999917e+001;6.388883e-003
6.071420e-002;2.030167e+001;5.857455e-003
8.126418e-002;1.954003e+001;5.120281e-003
1.078033e-001;1.762330e+001;4.140744e-003
9.546658e-002;1.352019e+001;3.056853e-003
1.657709e-001;9.488925e+000;2.077355e-003
1.952716e-001;4.709802e+000;1.920082e-003
2.543920e-001;5.073919e+000;2.108275e-003
1.793371e-001;6.519846e+000;2.411554e-003
1.450282e-001;1.092547e+001;2.237307e-003
6.284066e-002;1.193138e+001;2.012241e-003
1.177796e-001;1.210938e+001;1.861366e-003
1.273039e-001;1.070866e+001;1.783817e-003
1.581697e-001;1.186746e+001;1.727258e-003
1.117371e-001;9.714932e+000;1.735375e-003
8.020952e-002;1.072435e+001;1.819734e-003
4.559926e-002;5.734013e+000;1.996691e-003
6.288157e-002;8.427428e+000;2.020324e-003
1.147741e-001;7.847475e+000;1.896809e-003
1.414799e-001;7.676809e+000;1.649138e-003
1.241131e-001;9.100698e+000;1.427148e-003
1.067463e-001;5.525034e+000;1.218929e-003
1.145663e-001;6.701945e+000;1.044011e-003
1.113908e-001;8.725430e-001;2.059133e-003
1.071890e-001;5.721357e+000;3.116717e-003
7.826423e-002;9.823058e+000;4.185998e-003
7.936799e-002;1.502554e+001;4.036127e-003
1.311048e-001;1.612766e+001;3.833551e-003
1.252287e-001;1.641816e+001;3.650415e-003
9.188941e-002;1.534983e+001;3.586972e-003
2.684307e-002;1.384697e+001;3.600886e-003
3.175392e-002;1.300622e+001;3.718445e-003
4.857369e-002;1.332441e+001;3.864595e-003
4.839413e-002;1.348150e+001;3.973728e-003
5.824418e-002;1.481586e+001;3.966557e-003
5.830035e-002;1.672926e+001;3.942119e-003
3.873234e-002;1.858372e+001;3.947016e-003
3.679098e-002;1.902558e+001;3.923395e-003
3.334471e-002;1.814536e+001;3.887292e-003
6.621570e-002;1.625318e+001;3.816928e-003
8.553394e-002;1.348372e+001;3.777171e-003
1.055838e-001;1.213769e+001;3.660710e-003
9.425492e-002;1.213261e+001;3.541955e-003
9.049404e-002;1.464938e+001;3.356612e-003
8.600155e-002;1.680528e+001;3.181922e-003
9.204930e-002;1.634676e+001;2.888581e-003
9.762760e-002;1.511361e+001;2.540521e-003
1.032059e-001;1.176514e+001;2.122249e-003
1.120294e-001;9.128851e+000;1.740451e-003
1.120294e-001;4.280754e+000;1.639855e-003
1.120294e-001;1.467552e+000;1.882202e-003
1.118075e-001;5.056255e+000;2.547014e-003
1.115856e-001;9.516068e+000;3.210009e-003
8.473804e-002;1.468897e+001;3.712974e-003
6.739642e-002;1.456539e+001;3.889174e-003
4.979800e-002;1.502135e+001;3.954408e-003
7.555140e-002;1.526224e+001;4.051356e-003
5.986736e-002;1.591350e+001;4.268914e-003
5.502622e-002;1.623239e+001;4.498352e-003
3.345886e-002;1.655183e+001;4.658054e-003
6.474341e-002;1.626848e+001;4.739317e-003
8.544189e-002;1.688895e+001;4.806116e-003
7.815591e-002;1.708148e+001;4.942099e-003
4.681293e-002;1.711304e+001;5.057048e-003
1.414505e-002;1.724090e+001;5.114955e-003
1.973641e-002;1.719812e+001;5.050422e-003
3.502907e-002;1.805896e+001;4.963871e-003
4.837486e-002;1.853501e+001;4.984205e-003
5.199118e-002;1.935152e+001;4.900829e-003
6.293689e-002;1.876562e+001;4.674579e-003
6.421589e-002;1.698174e+001;4.130071e-003
1.099932e-001;1.416867e+001;3.527791e-003
1.282983e-001;9.443212e+000;2.749724e-003
1.443991e-001;9.251229e+000;2.133387e-003
9.620285e-002;4.559747e+000;1.805282e-003
7.418521e-002;9.779073e+000;2.296496e-003
4.643396e-002;1.126929e+001;2.876756e-003
3.430086e-002;1.785066e+001;3.289653e-003
3.487534e-002;1.689855e+001;2.977887e-003
5.418878e-002;1.678195e+001;2.151190e-003
8.894730e-002;1.311630e+001;1.305228e-003
1.056881e-001;9.968757e+000;6.807179e-004
1.248057e-001;5.777189e+000;5.925782e-004
2.148702e-001;3.108198e+000;6.420835e-004
1.967919e-001;5.855019e+000;2.150585e-003
2.360636e-001;9.398774e+000;3.545677e-003
1.109780e-001;1.577042e+001;4.805198e-003
1.146743e-001;1.661429e+001;4.571137e-003
4.511930e-002;1.727141e+001;4.422604e-003
5.343163e-002;1.661747e+001;4.439767e-003
4.036424e-002;1.602186e+001;4.351154e-003
4.295875e-002;1.542039e+001;4.147805e-003
5.244571e-002;1.567918e+001;3.791653e-003
8.735919e-002;1.531204e+001;3.491106e-003
7.697851e-002;1.488521e+001;3.214330e-003
9.889165e-002;1.413285e+001;2.925065e-003
9.460092e-002;1.463268e+001;2.567676e-003
1.088779e-001;1.477072e+001;2.305396e-003
9.447711e-002;1.351866e+001;2.290257e-003
7.500704e-002;1.260526e+001;2.675751e-003
1.438822e-001;1.134545e+001;3.147985e-003
1.288915e-001;1.226229e+001;3.491321e-003
1.820117e-001;1.161733e+001;3.488401e-003
1.042074e-001;1.193764e+001;3.355044e-003
1.458122e-001;1.135548e+001;3.192027e-003
1.121335e-001;1.174428e+001;3.028820e-003
1.168766e-001;1.115093e+001;2.560802e-003
1.144442e-001;8.477164e+000;2.146129e-003
7.042410e-002;5.621454e+000;1.730272e-003
1.383324e-001;3.916195e+000;1.628988e-003
1.627372e-001;1.748117e+000;1.272632e-003
2.523828e-001;3.033277e+000;1.103829e-003
2.118635e-001;4.779743e+000;1.169935e-003
1.400302e-001;9.178584e+000;1.459011e-003
6.306791e-002;1.057099e+001;1.421158e-003
3.522611e-002;1.110762e+001;1.162028e-003
7.212947e-002;1.004349e+001;8.658318e-004
9.751744e-002;8.997604e+000;7.247455e-004
1.947172e-001;6.960443e+000;5.928914e-004
2.387556e-001;6.480481e+000;4.799801e-004
2.654780e-001;4.669466e+000;5.422942e-004
2.116936e-001;-1.485118e+000;6.074805e-004
1.484036e-001;-4.685162e+000;5.971589e-004
1.395218e-001;-6.773333e+000;5.681820e-004
1.861470e-001;-1.054234e+000;6.108266e-004
2.134221e-001;3.380440e+000;7.283478e-004
1.753407e-001;5.892220e+000;7.067469e-004
1.071473e-001;7.228491e+000;6.145893e-004
1.283169e-001;5.947272e+000;4.856182e-004
1.553304e-001;2.171569e+000;4.860787e-004
2.463925e-001;-1.287687e+000;4.918223e-004
3.089072e-001;-1.463441e+000;5.720378e-004
3.747727e-001;8.796751e-001;5.681979e-004
3.192364e-001;1.015408e+000;6.621336e-004
2.926213e-001;4.084049e+000;7.407525e-004
2.575679e-001;6.263254e+000;7.943892e-004
2.534740e-001;1.012525e+001;7.722746e-004
1.969482e-001;8.626946e+000;6.657516e-004
1.937320e-001;7.548473e+000;6.845719e-004
1.784063e-001;6.860727e+000;6.006234e-004
1.905482e-001;1.357177e+000;5.401786e-004
1.383860e-001;-1.030253e+000;4.166381e-004
1.466018e-001;-2.998796e+000;4.031338e-004
1.585013e-001;2.898018e+000;5.262741e-004
1.865029e-001;3.971792e+000;6.451813e-004
1.802028e-001;6.518043e+000;6.730584e-004
2.709402e-001;4.740081e+000;5.774843e-004
2.644342e-001;4.651762e+000;4.834732e-004
3.567169e-001;5.216707e+000;5.264810e-004
2.407884e-001;6.559460e+000;6.005184e-004
2.934335e-001;5.323809e+000;6.557063e-004
1.841627e-001;4.267339e+000;7.093383e-004
2.397811e-001;2.823591e+000;7.759871e-004
2.250850e-001;5.052800e+000;7.781807e-004
2.419021e-001;3.452036e+000;6.946078e-004
1.910777e-001;-1.524536e+000;5.822549e-004
2.099224e-001;-3.009452e+000;5.898594e-004
2.561074e-001;-5.107134e+000;6.154271e-004
3.047091e-001;-2.631317e+000;6.581295e-004
